id,entrada,salida,duracion_seg,duracion_min
1,0:00:00,0:04:59,299.4,4.99
2,0:00:00,0:01:03,63.2,1.05
3,0:00:00,0:02:22,142.2,2.37
4,0:00:00,0:04:45,285.6,4.76
5,0:00:02,0:01:04,62.2,1.04
6,0:00:02,0:05:00,298.2,4.97
7,0:00:05,0:05:02,296.8,4.95
8,0:01:02,0:01:58,56.4,0.94
9,0:01:02,0:01:51,49.2,0.82
10,0:01:04,0:04:59,234.8,3.91
11,0:01:04,0:04:42,217.2,3.62
12,0:01:06,0:03:03,117.6,1.96
13,0:01:10,0:04:56,225.8,3.76
14,0:01:25,0:04:49,203.2,3.39
15,0:01:46,0:03:32,105.8,1.76
16,0:02:30,0:04:43,133.2,2.22
17,0:02:46,0:04:59,133.0,2.22
18,0:04:44,0:04:44,0.0,0.0
